id,black_fruit,citrus_fruit,dried_fruit,earth,floral,microbio,non_oak,oak,red_fruit,spices,tree_fruit,tropical_fruit,vegetal
1471,1,,,1,,,,1,,,,,
1651,1,,,1,,,,1,,,,,
1652,1,,,1,,,,1,,,,,
1653,,,,1,,,,1,1,,,,
1654,,,,1,,,,1,1,,,,
1658,1,,,1,,,,1,,,,,
1659,1,,,1,,,,1,,,,,
1675,,,,1,,,,1,1,,,,
1693,,1,,1,,,,,,,1,,
1794,,,,1,,,,1,1,,,,
1835,,,1,1,,,,1,,,,,
1868,1,,,1,,,,1,,,,,
1869,1,,,1,,,,1,,,,,
1870,1,,,1,,,,1,,,,,
1872,,1,,,,,,1,,,1,,
1873,1,,,1,,,,1,,,,,
1977,1,,,1,,,,1,,,,,
1978,1,,,1,,,,1,,,,,
1979,1,,,1,,,,1,,,,,
2396,1,,,1,,,,1,,,,,
2468,1,,,1,,,,1,,,,,
2628,,1,,,,,,,,,1,1,
2656,1,,,1,,,,1,,,,,
2868,,,,1,,,,1,1,,,,
2923,,1,,,,,,1,,,1,,
3110,1,,,1,,,,1,,,,,
3714,1,,,,,,,1,1,,,,
3726,1,,,,,,,1,1,,,,
3908,1,,,1,,,,1,,,,,
4016,1,,,1,,,,1,,,,,
4039,1,,,,,,,1,,1,,,
4086,1,,,1,,,,1,,,,,
4089,1,,,1,,,,1,,,,,
4091,1,,,1,,,,1,,,,,
4142,1,,,1,,,,1,,,,,
4792,1,,,1,,,,1,,,,,
4848,1,,,1,,,,1,,,,,
4948,1,,,1,,,,1,,,,,
4985,,1,,1,,,,,,,1,,
5078,1,,,1,,,,1,,,,,
5080,1,,,1,,,,1,,,,,
5174,1,,,,,,,1,1,,,,
5775,,,,1,,,,1,1,,,,
6020,1,,,1,,,,1,,,,,
6162,1,,,,,,,1,,1,,,
6168,1,,,,,,,1,,1,,,
7082,,1,,,,,1,,,,1,,
7103,1,,,,,,,1,1,,,,
7105,1,,,,,,,1,1,,,,
7493,1,,,1,,,,1,,,,,
7495,1,,,1,,,,1,,,,,
7768,1,,,1,,,,1,,,,,
7780,1,,,1,,,,1,,,,,
7973,,,,1,,,,1,1,,,,
7976,,,,1,,,,1,1,,,,
8036,1,,,1,,,,1,,,,,
8039,1,,,1,,,,1,,,,,
8184,1,,,1,,,,1,,,,,
8190,1,,,1,,,,1,,,,,
8195,1,,1,,,,,1,,,,,
8231,1,,,1,,,,1,,,,,
8305,,1,,,,,1,,1,,,,
8967,1,,,1,,,,1,,,,,
8974,1,,,1,,,,1,,,,,
8998,,1,,1,,,,1,,,,,
9001,,,,1,,,,1,,,1,,
9119,,,,1,,,,1,1,,,,
9220,1,,,1,,,,1,,,,,
9710,,,,1,,,,1,1,,,,
9711,1,,,1,,,,1,,,,,
9712,,,,1,,,,1,1,,,,
9958,1,,,1,,,,1,,,,,
9997,1,,,,,,,1,1,,,,
9998,1,,,,,,,1,,1,,,
10000,,,,1,,,,1,1,,,,
10175,1,,,1,,,,1,,,,,
10625,,,,1,,,,1,1,,,,
10998,,,,1,,,,1,1,,,,
11001,1,,,1,,,,1,,,,,
11605,1,,,1,,,,1,,,,,
11607,1,,,1,,,,1,,,,,
11733,1,,,1,,,,1,,,,,
11781,,1,,,,,1,,,,1,,
11824,,,,1,,,,1,1,,,,
11825,1,,,,,,,1,1,,,,
11890,1,,,,,,,1,1,,,,
11956,,,,1,,,1,,,,1,,
12085,1,,,1,,,,1,,,,,
12393,1,,1,,,,,1,,,,,
12405,1,,,1,,,,1,,,,,
12687,1,,,1,,,,1,,,,,
13186,1,,,1,,,,1,,,,,
13330,1,,,1,,,,1,,,,,
13632,1,,,1,,,,1,,,,,
13689,1,,,1,,,,1,,,,,
13759,1,,,1,,,,1,,,,,
13796,,1,,1,,,,,,,,1,
13799,,,,,,,,1,,,1,1,
13800,,,,1,,,,1,1,,,,
13801,1,,,1,,,,1,,,,,
14362,1,,,1,,,,1,,,,,
14847,1,,,1,,,,1,,,,,
15615,,1,,,,,1,,,,1,,
15627,1,,,1,,,,1,,,,,
15944,,,,1,,,,1,1,,,,
16226,1,,,,,,,1,1,,,,
16227,1,,,,,,,1,1,,,,
16504,1,,,,,,,1,1,,,,
16505,1,,,1,,,,1,,,,,
16507,,,,,,,,1,,,1,1,
16508,1,,,,,,,1,1,,,,
16778,1,,,1,,,,1,,,,,
16786,,1,,1,,,,,,,1,,
16833,1,,,1,,,,1,,,,,
16963,,,,1,,,,1,,,1,,
16965,1,,,,,,,1,1,,,,
16966,1,,,1,,,,1,,,,,
17102,1,,,1,,,,1,,,,,
17607,1,,,,,,,1,,1,,,
17656,1,,,1,,,,1,,,,,
17969,1,,,1,,,,1,,,,,
17998,1,,,1,,,,1,,,,,
18313,1,,,1,,,,1,,,,,
18322,1,,,,,,,1,,1,,,
18323,1,,,1,,,,1,,,,,
18474,1,,,,,,,1,,1,,,
18529,1,,,,,,,1,1,,,,
18555,1,,,1,,,,1,,,,,
18556,1,,,1,,,,1,,,,,
18557,1,,,1,,,,1,,,,,
18715,1,,,,,,,1,1,,,,
18929,,1,,,,,1,,,,1,,
18931,,,,,,,1,1,,,1,,
18978,,1,,,,,,,,,,1,1
19265,,,,1,,,,1,1,,,,
19481,1,,,1,,,,1,,,,,
19919,,1,,1,,,,,,,1,,
19923,,1,,,,,1,,,,1,,
20644,1,,,1,,,,1,,,,,
20658,1,,,1,,,,1,,,,,
20663,1,,,1,,,,1,,,,,
20717,1,,,1,,,,1,,,,,
20810,,1,,1,,,,,,,1,,
21053,,,,1,,,,1,1,,,,
21058,,,,1,,,,1,1,,,,
21585,1,,,1,,,,1,,,,,
21646,1,,,,,,,1,1,,,,
21929,1,,,1,,,,1,,,,,
22175,,,,1,,,,1,1,,,,
22224,,1,,1,,,,,,,1,,
22447,1,,,1,,,,1,,,,,
22448,1,,,1,,,,1,,,,,
22550,,,,1,,,,1,1,,,,
22551,,,,1,,,,1,1,,,,
22554,,,,1,,,,1,1,,,,
22685,1,,,1,,,,1,,,,,
22687,1,,,1,,,,1,,,,,
22917,,,,1,,,,1,1,,,,
22954,1,,,1,,,,1,,,,,
23051,,1,,,,,1,,1,,,,
23111,1,,,1,,,,1,,,,,
23264,,,,1,,,,1,1,,,,
23293,1,,,1,,,,1,,,,,
23294,1,,,,,,,1,1,,,,
23337,1,,,1,,,,1,,,,,
23366,1,,,1,,,,1,,,,,
23627,1,,,1,,,,1,,,,,
23769,2,,,2,,,,2,,,,,
23793,1,,,1,,,,1,,,,,
23815,1,,,1,,,,1,,,,,
24056,1,,,,,,,1,,1,,,
24104,,,,1,,,,1,1,,,,
24109,,,,1,,,,1,1,,,,
24138,,1,,,,,,1,,,1,,
24139,,1,,,,,,1,,,1,,
24984,1,,,1,,,,1,,,,,
25474,1,,,1,,,,1,,,,,
27234,1,,,,,,,1,,1,,,
28214,1,,,1,,,,1,,,,,
31124,1,,,,,,,1,,1,,,
33284,,,1,,,,1,1,,,,,
33734,,,,1,,,,1,1,,,,
35374,1,,,,,,,1,1,,,,
43974,1,,,1,,,,1,,,,,
43984,1,,,1,,,,1,,,,,
43994,1,,,,,,,1,1,,,,
45284,1,,,1,,,,1,,,,,
48314,1,,,1,,,,1,,,,,
48994,1,,,1,,,,1,,,,,
50644,,1,,1,,,,,,,1,,
51734,1,,,1,,,,1,,,,,
51934,1,,,1,,,,1,,,,,
52044,1,,,1,,,,1,,,,,
52084,1,,,1,,,,1,,,,,
52094,1,,,1,,,,1,,,,,
52104,,,,,,,,1,,,1,1,
53034,1,,,1,,,,1,,,,,
54214,,,,1,,,,1,1,,,,
54254,,,,1,,1,,1,,,,,
58884,1,,,1,,,,1,,,,,
59754,1,,,1,,,,1,,,,,
60984,1,,,,,,,1,1,,,,
61034,,1,,,,,,,1,,1,,
61134,,,,1,,,,1,1,,,,
61744,1,,,1,,,,1,,,,,
61754,1,,,1,,,,1,,,,,
62594,1,,,1,,,,1,,,,,
65114,,,,1,,,,1,1,,,,
66104,,,,1,,,,1,1,,,,
66134,,,,1,,,,1,1,,,,
66164,,,,1,,,,1,1,,,,
66184,1,,,1,,,,1,,,,,
66194,1,,,1,,,,1,,,,,
66204,,1,,1,,,,1,,,,,
66214,,,,1,,,,1,1,,,,
66224,1,,,1,,,,1,,,,,
66294,1,,,1,,,,1,,,,,
66314,1,,,,,,,1,1,,,,
66494,1,,,,,,,1,,1,,,
67054,1,,,,,,,1,1,,,,
67074,1,,,,,,,1,1,,,,
68824,1,,,1,,,,1,,,,,
68834,1,,,,,,,1,1,,,,
68844,1,,,,,,,1,1,,,,
68854,1,,,,,,,1,1,,,,
68864,,,,,,,,1,,,1,1,
68874,1,,,1,,,,1,,,,,
68884,1,,,1,,,,1,,,,,
68894,1,,,,,,,1,,1,,,
68904,1,,,,,,,1,1,,,,
68924,,,,,,,,1,,,1,1,
69154,1,,,,,,,1,1,,,,
69744,1,,1,,,,,1,,,,,
71264,1,,,1,,,,1,,,,,
71274,1,,,1,,,,1,,,,,
71304,1,,,,,,,1,,1,,,
72624,1,,,1,,,,1,,,,,
73478,2,,,2,,,,2,,,,,
73555,1,,,1,,,,1,,,,,
73593,1,,,,,,,1,,1,,,
73620,,,,1,,,,1,1,,,,
74298,,1,,,,,1,,,,1,,
74299,,1,,,,,1,,1,,,,
74304,,1,,,,,1,,,,1,,
74306,,1,,,,,1,,,,1,,
74336,,1,,,,,,1,,,1,,
74337,1,,,1,,,,1,,,,,
74338,1,,,1,,,,1,,,,,
74339,,,,1,,,,1,1,,,,
74346,1,,,1,,,,1,,,,,
74578,1,,,,,,,1,1,,,,
74704,1,,,1,,,,1,,,,,
75238,1,,,1,,,,1,,,,,
75588,,,,1,,,,1,,,,1,
75780,1,,,1,,,,1,,,,,
75818,1,,,1,,,,1,,,,,
75975,1,,,1,,,,1,,,,,
75978,1,,,1,,,,1,,,,,
76372,,,1,,,,1,1,,,,,
76388,,,1,,,,1,1,,,,,
76410,1,,,1,,,,1,,,,,
76429,1,,,1,,,,1,,,,,
76431,1,,,1,,,,1,,,,,
76432,1,,,1,,,,1,,,,,
76435,,,,1,,,,1,,,1,,
76439,1,,,1,,,,1,,,,,
76442,1,,,1,,,,1,,,,,
77136,1,,,1,,,,1,,,,,
77137,1,,,1,,,,1,,,,,
77171,1,,,1,,,,1,,,,,
77172,1,,,1,,,,1,,,,,
77247,1,,,1,,,,1,,,,,
77304,,,,1,,,,1,,1,,,
77305,,,,1,,,,1,1,,,,
77427,,,,1,,,,1,1,,,,
77447,,,,1,,,,1,1,,,,
77448,,,,1,,,,1,1,,,,
77487,,,,1,,,,1,1,,,,
77491,,,,1,,,,1,1,,,,
77558,1,,,1,,,,1,,,,,
77560,1,,,1,,,,1,,,,,
77748,,,,1,,,,1,1,,,,
77756,,,,1,,,,1,1,,,,
77783,,,,1,,,,,,,1,1,
77816,1,,,1,,,,1,,,,,
77888,1,,,1,,,,1,,,,,
78383,1,,,,,,,1,1,,,,
78778,,1,,,,,,1,,,1,,
79160,,1,,,,,1,,,,1,,
79230,,,,1,,,,1,1,,,,
79262,1,,,1,,,,1,,,,,
79265,1,,,1,,,,1,,,,,
79266,1,,,1,,,,1,,,,,
79269,1,,,1,,,,1,,,,,
79273,1,,,1,,,,1,,,,,
79282,1,,,1,,,,1,,,,,
79537,,1,,1,,,,,,,1,,
79604,,,,1,,,,1,1,,,,
79631,,,,1,,,1,,,,1,,
79632,,1,,,,,1,,1,,,,
79635,,1,,1,,,1,,,,,,
79762,1,,,1,,,,1,,,,,
79814,1,,,1,,,,1,,,,,
79836,,,,1,,,1,,,,1,,
79852,,1,,1,,,,,1,,,,
79929,1,,,1,,,,,1,,,,
79970,,,,1,,,,1,1,,,,
79976,1,,,1,,,,,,1,,,
80045,1,,,1,,,,1,,,,,
80226,1,,,,,,,1,,1,,,
80415,1,,1,,,,,1,,,,,
80472,1,,,1,,,,1,,,,,
81171,,,1,,,,1,1,,,,,
81650,1,,,1,,,,1,,,,,
81651,1,,,1,,,,1,,,,,
81732,,1,,1,,,,,,,1,,
81848,1,,,1,,,,1,,,,,
81849,1,,,1,,,,1,,,,,
81864,1,,,1,,,,1,,,,,
81907,1,,,1,,,,1,,,,,
81980,1,,,1,,,,1,,,,,
81986,1,,,1,,,,1,,,,,
82193,1,,,1,,,,1,,,,,
82235,1,,,1,,,,1,,,,,
82469,1,,,1,,,,1,,,,,
82613,1,,,1,,,,1,,,,,
82698,,,,1,,,,1,1,,,,
82700,,,,1,,,,1,1,,,,
82779,,1,,1,,,,1,,,,,
82825,1,,,,,,,1,,1,,,
83265,,,,,,,,1,,,1,1,
83283,1,,,,,,,1,1,,,,
83439,1,,,1,,,,1,,,,,
83446,,,,1,,,,1,1,,,,
83594,1,,,1,,,,1,,,,,
83732,1,,1,,,,,1,,,,,
83817,,1,,,,,1,,,,1,,
83999,1,,,1,,,,1,,,,,
84062,1,,,1,,,,1,,,,,
84065,1,,,1,,,,1,,,,,
84066,1,,,,,,,1,1,,,,
84068,,,,1,,,,1,1,,,,
84287,1,,,1,,,,1,,,,,
84581,1,,,1,,,,1,,,,,
84726,1,,,1,,,,1,,,,,
84727,1,,,1,,,,1,,,,,
84775,,,,1,,,,1,1,,,,
85063,,,,1,,,,1,1,,,,
86362,1,,,1,,,,1,,,,,
86373,1,,,1,,,,1,,,,,
86683,1,,,,,,,1,1,,,,
86684,,1,,,,,1,,,,1,,
86698,,1,,1,,,,,,,1,,
86699,,1,,1,,,,,,,1,,
86732,1,,,1,,,,1,,,,,
86847,1,,,1,,,,1,,,,,
86868,,,,1,,,,1,1,,,,
86870,,,,1,,,,1,1,,,,
86967,1,,,,,,,1,1,,,,
87095,,,,1,,,,1,,1,,,
87102,,,,1,,,,1,1,,,,
87114,,,,1,,,,1,1,,,,
87358,1,,,1,,,,1,,,,,
87426,1,,,1,,,,1,,,,,
87659,1,,,1,,,,1,,,,,
87693,,1,,,,,,1,,,,1,
89013,1,,,1,,,,1,,,,,
89025,1,,,1,,,,1,,,,,
89390,1,,,,,,,1,1,,,,
91182,,,,1,,,,1,1,,,,
91969,1,,,1,,,,1,,,,,
92001,1,,,1,,,,1,,,,,
94320,1,,,1,,,,1,,,,,
94678,,,,1,,,,1,,,1,,
94686,,,,1,,,,1,1,,,,
94690,,1,,,,,,1,,,1,,
94695,1,,,1,,,,1,,,,,
94968,,,,1,,,,1,1,,,,
95444,1,,,1,,,,1,,,,,
96030,1,,,1,,,,1,,,,,
96483,1,,,,,,,1,,1,,,
96488,1,,,,,,,1,,1,,,
96853,1,,,1,,,,1,,,,,
97051,1,,,1,,,,1,,,,,
97228,,1,,,,,,1,,,1,,
97447,,,,1,,,,,1,1,,,
97710,,,,1,,,,,1,1,,,
98166,1,,,1,,,,1,,,,,
98195,1,,,1,,,,1,,,,,
98838,1,,,1,,,,1,,,,,
99398,,,,1,,,,1,1,,,,
99399,,,,1,,,,1,1,,,,
100492,,1,,1,,,,,,,1,,
736114,1,,,1,,,,1,,,,,
736563,1,,,1,,,,1,,,,,
736588,1,,,1,,,,1,,,,,
738148,1,,,1,,,,1,,,,,
778938,1,,,1,,,,1,,,,,
779086,1,,,,,,,1,1,,,,
779372,,,,1,,,,1,1,,,,
779426,1,,,1,,,,1,,,,,
809810,1,,,1,,,,1,,,,,
825162,,,,1,,,,1,1,,,,
1084122,1,,,1,,,,1,,,,,
1084452,1,,,1,,,,1,,,,,
1098770,1,,,1,,,,1,,,,,
1098912,,,,1,,,,1,1,,,,
1098981,1,,,1,,,,1,,,,,
1099118,,,,1,,,,1,1,,,,
1099392,1,,1,,,,,1,,,,,
1099398,1,,,1,,,,1,,,,,
1099538,1,,,1,,,,1,,,,,
1099897,1,,,1,,,,1,,,,,
1100223,1,,,1,,,,1,,,,,
1100254,1,,,1,,,,1,,,,,
1100670,1,,,1,,,,1,,,,,
1101061,,,,1,,,,1,1,,,,
1101112,1,,,1,,,,1,,,,,
1102091,,,,1,,,,1,1,,,,
1103309,,1,,1,,,,,,,1,,
1104824,,1,,,,,,,1,,1,,
1105366,1,,,1,,,,1,,,,,
1105367,,,,1,,,,1,,,1,,
1107336,1,,,1,,,,1,,,,,
1107342,1,,,1,,,,1,,,,,
1108063,1,,,1,,,,1,,,,,
1110329,1,,,1,,,,1,,,,,
1115658,1,,,1,,,,1,,,,,
1117020,,,,1,,,,1,1,,,,
1122092,,1,,,,,,,1,,1,,
1122095,,1,,,,,1,,,,1,,
1123336,1,,,,,,,1,1,,,,
1125543,1,,,1,,,,1,,,,,
1125591,1,,,,,,,1,,1,,,
1126091,,,,1,,,,1,1,,,,
1126470,1,,,1,,,,1,,,,,
1126475,1,,,,,,,1,1,,,,
1126740,1,,,1,,,,1,,,,,
1126750,1,,,1,,,,1,,,,,
1126909,,1,,1,,,,,,,1,,
1126922,1,,,,,,,1,,1,,,
1126954,1,,,1,,,,1,,,,,
1126964,1,,,1,,,,1,,,,,
1127494,1,,,1,,,,1,,,,,
1127795,1,,,1,,,,1,,,,,
1127808,,1,,1,,,1,,,,,,
1127871,,,,,,,,1,,,1,1,
1128252,1,,,1,,,,1,,,,,
1128385,,1,,,,,1,,,,1,,
1128831,1,,,1,,,,1,,,,,
1129143,,,,1,,,,1,1,,,,
1129282,1,,,1,,,,1,,,,,
1129305,1,,,1,,,,1,,,,,
1129440,1,,,,,,,1,1,,,,
1129509,,,,1,,,,1,1,,,,
1129619,,1,,,,,1,,,,1,,
1130386,,,,1,,,,1,1,,,,
1131351,1,,,1,,,,1,,,,,
1132381,1,,,,,,,1,,1,,,
1132696,1,,,1,,,,1,,,,,
1132828,1,,,,,,,1,1,,,,
1133074,1,,,1,,,,1,,,,,
1133677,1,,,,,,,1,1,,,,
1133882,,,,1,,,,1,1,,,,
1134068,1,,,1,,,,1,,,,,
1134189,,,1,1,,,,1,,,,,
1134660,1,,,1,,,,1,,,,,
1134685,1,,,1,,,,1,,,,,
1135069,1,,,1,,,,1,,,,,
1135081,1,,,1,,,,1,,,,,
1135113,1,,,,,,,1,,1,,,
1135138,,,,,,,,1,,,1,1,
1135414,1,,,1,,,,1,,,,,
1135641,1,,,1,,,,1,,,,,
1135843,1,,,1,,,,1,,,,,
1136168,1,,,,,,,1,1,,,,
1136381,1,,,1,,,,1,,,,,
1136945,1,,,,,,,1,1,,,,
1136951,,,,1,,,,1,1,,,,
1137244,1,,,1,,,,1,,,,,
1137682,,1,,1,,,,,,,1,,
1137736,,1,,,,,1,,,,1,,
1138006,1,,,,,,,1,,1,,,
1138658,1,,,1,,,,1,,,,,
1138731,,1,,,,,,1,,,1,,
1139120,1,,,1,,,,1,,,,,
1139122,1,,,1,,,,1,,,,,
1139434,1,,,1,,,,1,,,,,
1140747,,,1,1,,,,,,,1,,
1141123,,1,,,,,1,,,,1,,
1141133,,1,,,,,1,,1,,,,
1141447,1,,1,,,,,1,,,,,
1141907,1,,,,,,,1,1,,,,
1142212,,1,,,,,1,,1,,,,
1142314,1,,,1,,,,1,,,,,
1143613,,1,,,,,1,,,,1,,
1143934,1,,,,,,,1,,1,,,
1143938,1,,,1,,,,1,,,,,
1144799,,,,1,,,,1,1,,,,
1145046,1,,,1,,,,1,,,,,
1145628,,,1,,,,1,1,,,,,
1146329,1,,,,,,,1,1,,,,
1147563,,,1,,,,1,1,,,,,
1148035,1,,,1,,,,1,,,,,
1148298,,1,,,,,1,,1,,,,
1148747,1,,,1,,,,1,,,,,
1148822,1,,,1,,,,1,,,,,
1148839,1,,,1,,,,1,,,,,
1148844,1,,,1,,,,1,,,,,
1150378,1,,,1,,,,1,,,,,
1151102,,,,,,,,,,,,,
1151307,1,,,,,,,1,1,,,,
1151389,,1,,,,,,1,,,1,,
1151533,1,,,1,,,,1,,,,,
1151960,,,,1,,,,1,1,,,,
1152015,,,,1,,,,1,1,,,,
1152417,1,,,1,,,,1,,,,,
1152435,,1,,,,,1,,1,,,,
1152438,1,,,1,,,,1,,,,,
1152755,1,,,1,,,,1,,,,,
1152839,1,,,,,,,1,1,,,,
1153153,,1,,1,,,,,,,1,,
1153175,,1,,1,,,,,,,,1,
1153455,1,,,1,,,,1,,,,,
1153456,1,,,,,,,1,1,,,,
1153457,1,,,,,,,1,1,,,,
1153459,1,,,,,,,1,,1,,,
1153463,,,,,,,,1,,,1,1,
1153464,,,,1,,,,1,1,,,,
1153679,,,1,,,,1,1,,,,,
1153863,,,,1,,,,1,,,1,,
1154226,,,1,1,,,,1,,,,,
1154913,1,,,1,,,,1,,,,,
1155151,1,,,1,,,,1,,,,,
1155153,1,,,1,,,,1,,,,,
1155203,1,,,1,,,,1,,,,,
1155335,1,,,1,,,,1,,,,,
1155355,,,1,,,,1,1,,,,,
1155880,1,,,1,,,,1,,,,,
1155884,1,,,,,,,1,1,,,,
1157035,1,,,1,,,,1,,,,,
1157787,,1,,,,,,1,,,1,,
1158237,1,,,,,,,1,1,,,,
1158525,,1,,,,,,,,,1,1,
1159473,,,,1,,,,1,1,,,,
1159489,,,,1,,,,1,1,,,,
1159878,1,,,,,,,1,1,,,,
1160459,,1,,1,,,,,,,1,,
1160644,,,,1,,,,1,1,,,,
1160653,1,,,,,,,1,1,,,,
1161252,,1,,,,,,,,1,1,,
1161268,1,,,1,,,,1,,,,,
1162214,1,,,1,,,,1,,,,,
1162271,1,,,,,,,1,1,,,,
1162673,1,,,1,,,,1,,,,,
1163782,1,,,1,,,,1,,,,,
1163819,,1,,,,,1,,,,1,,
1163903,1,,,1,,,,1,,,,,
1163924,1,,,1,,,,1,,,,,
1164787,1,,,1,,,,1,,,,,
1165142,,1,,1,,,,,,,1,,
1165226,1,,,1,,,,,1,,,,
1165262,1,,,,,,,1,1,,,,
1165304,1,,1,,,,,1,,,,,
1165601,1,,,1,,,,1,,,,,
1165708,,,,1,,,,1,1,,,,
1166231,1,,,1,,,,1,,,,,
1166363,1,,,1,,,,1,,,,,
1166468,1,,1,,,,,1,,,,,
1166687,,1,,1,,,,,,,1,,
1166785,1,,,1,,,,1,,,,,
1166837,1,,,1,,,,1,,,,,
1166924,,,,1,,,,1,1,,,,
1166949,1,,,,,,,1,1,,,,
1168278,1,,,1,,,,1,,,,,
1168529,1,,,1,,,,1,,,,,
1168676,1,,,1,,,,1,,,,,
1169092,,,,1,,,,1,1,,,,
1169521,1,,,1,,,,1,,,,,
1169875,1,,,,,,,1,1,,,,
1170177,1,,,,,,,1,,1,,,
1170521,,,,1,,,,1,1,,,,
1171483,,,,1,,,,1,1,,,,
1171810,1,,,,,,,1,1,,,,
1172025,1,,,1,,,,1,,,,,
1172272,1,,,1,,,,1,,,,,
1172675,1,,,,,,,1,1,,,,
1172948,,1,,1,,,,,,,1,,
1173140,1,,,1,,,,1,,,,,
1173806,,1,,,,,,1,,,1,,
1173985,,,,1,,,,1,1,,,,
1174525,,,,1,,,,1,1,,,,
1174627,1,,,,,,,1,,1,,,
1174918,,,,1,,,,1,1,,,,
1174924,,1,,1,,,,,,,1,,
1175156,,,,1,,,,1,1,,,,
1175180,1,,,1,,,,1,,,,,
1175427,1,,,1,,,,1,,,,,
1175699,,1,,1,,,,,,,1,,
1176121,,1,,1,,,,,,,1,,
1176258,1,,,1,,,,1,,,,,
1176871,1,,,,,,,1,,1,,,
1177331,1,,,1,,,,1,,,,,
1178080,1,,,,,1,,1,,,,,
1178254,,,,1,,,,1,1,,,,
1178261,1,,,1,,,,,1,,,,
1178394,,1,,1,,,,,,,1,,
1178395,,1,,,,,,1,,,1,,
1178520,,,,1,,,,1,1,,,,
1178663,,1,,,,,1,,,,1,,
1178883,1,,,1,,,,1,,,,,
1179446,,1,,,,,,1,,,1,,
1179539,1,,,1,,,,1,,,,,
1179830,1,,,,,,,1,,1,,,
1180025,,1,,,,,,1,,,1,,
1180132,,,1,,,,1,1,,,,,
1181021,1,,,,,,,1,1,,,,
1181122,1,,,,,,,1,,1,,,
1181214,1,,,1,,,,1,,,,,
1181746,1,,,,,,,1,1,,,,
1182136,1,,,1,,,,1,,,,,
1182177,1,,,,,,,1,,1,,,
1184728,1,,,1,,,,1,,,,,
1184921,1,,,,,,,1,1,,,,
1185290,1,,,,,,,1,,1,,,
1185924,,,,1,,,,1,1,,,,
1186083,1,,,,,,,1,,1,,,
1186732,1,,,,,,,1,,1,,,
1186911,1,,,1,,,,1,,,,,
1187744,,,1,,,,1,1,,,,,
1188236,,,,1,,,,1,1,,,,
1188603,,,,1,,,,1,1,,,,
1188738,1,,,1,,,,1,,,,,
1189311,,,,1,,,,1,,,1,,
1189758,,,1,,,,1,1,,,,,
1189822,,,1,,,,1,1,,,,,
1190334,,,1,,,,1,1,,,,,
1190501,1,,,1,,,,1,,,,,
1190556,1,,,1,,,,1,,,,,
1190565,1,,,,,,,1,,1,,,
1190881,,,,1,,,,1,1,,,,
1191278,,1,,,,,1,,,,1,,
1191462,,1,,1,,,,,,,1,,
1191976,,,,1,,,,1,1,,,,
1192486,1,,,,,,,1,,1,,,
1192837,1,,,1,,,,1,,,,,
1194180,,,,1,,,,1,1,,,,
1194752,,,1,,,,1,1,,,,,
1196206,1,,,,,,,1,,1,,,
1196474,1,,,,,,,1,1,,,,
1197391,1,,,,,,,1,1,,,,
1198198,1,,,1,,,,1,,,,,
1198583,1,,,1,,,,1,,,,,
1198682,,1,,1,,,1,,,,,,
1198913,1,,,,,,,1,1,,,,
1198951,1,,,1,,,,1,,,,,
1199944,1,,,1,,,,1,,,,,
1200744,1,,,,,,,1,1,,,,
1201755,1,,,1,,,,1,,,,,
1201765,1,,,,,,,1,,1,,,
1201912,1,,,,,,,1,1,,,,
1202284,,1,,,,1,,,1,,,,
1202326,,1,,,,,1,,,,1,,
1202838,1,,,,,,,1,1,,,,
1202931,1,,,1,,,,1,,,,,
1204549,1,,,,,,,1,1,,,,
1204799,1,,,,,,,1,1,,,,
1205108,,,,1,,,,1,,,1,,
1206659,,,,1,,,,1,1,,,,
1206918,,,,1,,,,1,1,,,,
1207034,1,,,1,,,,1,,,,,
1207249,1,,,1,,,,1,,,,,
1207710,,,,1,,,,1,1,,,,
1207965,1,,,1,,,,1,,,,,
1208156,,1,,,,,,,,,1,1,
1208656,1,,,,,,,1,,1,,,
1208731,,1,,,,,,1,,,1,,
1208798,,,,1,,,,1,1,,,,
1209142,1,,,,,,,1,,1,,,
1209244,1,,,1,,,,1,,,,,
1209398,1,,,1,,,,1,,,,,
1209490,,,1,1,,,1,,,,,,
1210000,,1,,1,,,,,,,1,,
1210090,1,,,1,,,,1,,,,,
1211971,,,,,,1,,1,,,1,,
1211973,1,,,,,,,1,1,,,,
1211977,1,,,,,,,1,1,,,,
1212620,,,,,,,,1,1,1,,,
1212857,1,,,,,,,1,,1,,,
1213299,,,,1,,,,1,1,,,,
1213336,,,1,,,,1,1,,,,,
1214055,1,,,,,,,1,1,,,,
1214739,1,,,,,,,1,1,,,,
1214878,,,,1,,,,1,,,1,,
1215346,1,,,1,,,,1,,,,,
1215768,1,,,1,,,,1,,,,,
1216431,,,,1,,,,1,1,,,,
1216549,1,,,1,,,,1,,,,,
1216556,,1,,1,,,,,,,1,,
1216921,,,,1,,,,1,,,1,,
1217235,1,,,1,,,,1,,,,,
1218054,1,,,1,,,,1,,,,,
1220057,,1,,,,,,,1,,1,,
1220273,1,,,1,,,,1,,,,,
1220405,1,,,1,,,,1,,,,,
1220504,,,,1,,,1,1,,,,,
1220973,1,,,,,,,1,,1,,,
1222575,1,,,1,,,,1,,,,,
1222979,,,,1,,,,1,1,,,,
1223176,,,,1,,,,1,1,,,,
1224338,1,,,1,,,,1,,,,,
1224981,1,,,1,,,,1,,,,,
1225001,,,,1,,,,1,1,,,,
1225042,1,,,1,,,,,,1,,,
1225068,1,,,1,,,,1,,,,,
1225562,1,,,1,,,,1,,,,,
1225779,,,,1,,,,1,1,,,,
1225820,,,,1,,,,1,1,,,,
1226145,1,,,,,,,1,1,,,,
1226177,1,,,,,,,1,,1,,,
1226183,1,,1,1,,,,,,,,,
1229949,,1,,1,,,,,,,1,,
1230164,,1,,,,1,,,1,,,,
1230909,1,,,1,,,,1,,,,,
1231597,1,,,,,,,1,,1,,,
1232315,1,,,1,,,,1,,,,,
1233142,1,,,,,,,1,,1,,,
1233301,,,,1,,,,1,1,,,,
1233459,1,,,1,,,,1,,,,,
1234111,1,,,1,,,,1,,,,,
1234476,1,,,1,,,,1,,,,,
1235058,1,,,1,,,,1,,,,,
1238441,,,1,,,,1,1,,,,,
1238945,1,,,1,,,,1,,,,,
1239572,1,,,,,,,1,,1,,,
1240543,1,,,1,,,,1,,,,,
1240627,,,,1,,,1,1,,,,,
1240855,1,,,1,,,,1,,,,,
1241377,1,,,1,,,,1,,,,,
1241866,1,,,1,,,,1,,,,,
1243266,1,,,1,,,,1,,,,,
1243267,1,,,1,,,,1,,,,,
1243390,1,,,1,,,,1,,,,,
1243446,,1,,,,,,,,,1,1,
1243455,1,,,,,,,1,,1,,,
1243856,1,,,1,,,,1,,,,,
1244155,,,1,,,,1,1,,,,,
1244218,,1,,1,,,,,,,1,,
1244233,,,,1,,,,,,,,,
1244339,1,,,,,,,1,1,,,,
1244636,,,,1,,,,1,1,,,,
1244668,1,,,,,,,1,,1,,,
1244717,1,,,1,,,,1,,,,,
1245016,,,,1,,,,1,1,,,,
1245550,1,,,1,,,,1,,,,,
1246796,1,,,1,,,,1,,,,,
1247692,1,,,1,,,,1,,,,,
1247801,,1,,,,1,,,,,1,,
1248801,1,,,1,,,,1,,,,,
1249516,1,,,1,,,,1,,,,,
1249804,,1,,1,,,,,,,1,,
1251354,1,,,1,,,,1,,,,,
1251639,1,,,1,,,,1,,,,,
1251797,,,,,,,,1,,,1,1,
1252275,,,,,,,,,1,,,,
1252903,1,,,1,,,,1,,,,,
1253163,,,1,,,,1,1,,,,,
1253819,1,,,,,,,1,1,,,,
1254011,1,,,1,,,,1,,,,,
1255075,,,,1,,,,1,,,1,,
1255941,1,,,1,,,,1,,,,,
1256063,1,,,,,,,1,,1,,,
1257238,1,,,,,,,1,,1,,,
1257923,,1,,1,,,,,,,1,,
1258079,1,,,1,,,,1,,,,,
1258443,1,,,1,,,,1,,,,,
1258524,1,,,1,,,,1,,,,,
1258970,,,,1,,,,1,1,,,,
1259235,1,,,,,,,1,,1,,,
1260063,,,,1,,,,1,1,,,,
1260666,,,,,,1,,,,,1,1,
1260766,1,,,1,,,,1,,,,,
1261327,1,,,,,,,1,1,,,,
1261328,1,,,1,,,,1,,,,,
1262192,,,,1,,,,1,1,,,,
1264565,1,,,,,,,1,1,,,,
1265560,,,,,,,,,,,,,
1266561,1,,,1,,,,1,,,,,
1268547,1,,1,,,,,,,1,,,
1268582,1,,,,,,,1,,1,,,
1269053,1,,,1,,,,1,,,,,
1269657,1,,,1,,,,1,,,,,
1272277,1,,,,,,,1,,1,,,
1272950,,1,,,,,,1,,,1,,
1274033,1,,,,,,,1,1,,,,
1274124,,,,1,,,,1,,,1,,
1275606,1,,,1,,,,1,,,,,
1279440,1,,,,,,,1,1,,,,
1279827,1,,,1,,,,1,,,,,
1282785,,,,1,,,,1,1,,,,
1283511,1,,,1,,,,1,,,,,
1283671,1,,,1,,,,1,,,,,
1285871,,,,1,,,,1,,,1,,
1287027,1,,,1,,,,1,,,,,
1288101,,1,,1,,,,,,,1,,
1290538,1,,,1,,,,1,,,,,
1291873,1,,,1,,,,1,,,,,
1292924,1,,,1,,,,1,,,,,
1293594,1,,,1,,,,1,,,,,
1294904,,1,,1,,,,,,,1,,
1295318,1,,,1,,,,1,,,,,
1296705,1,,,1,,,,1,,,,,
1298038,,,,1,,,,1,,1,,,
1298725,,,,1,,,,1,1,,,,
1299676,1,,,1,,,,1,,,,,
1300368,1,,,1,,,,1,,,,,
1300776,1,,,1,,,,1,,,,,
1301225,,1,,,,,,,,,1,1,
1301700,1,,,,,,,1,1,,,,
1301873,1,,,,,,,1,1,,,,
1301991,,,,1,,1,,1,,,,,
1302544,1,,,1,,,,1,,,,,
1302624,,,,1,,,,1,1,,,,
1305686,,1,,1,,,,1,,,,,
1306620,,,,1,,,,1,,,1,,
1308427,1,,,,,,,1,1,,,,
1308697,1,,,1,,,,1,,,,,
1311097,1,,,1,,,,1,,,,,
1312538,,,,,,,,1,,,1,1,
1313212,1,,,1,,,,1,,,,,
1313331,,1,,1,,,,,,,1,,
1314907,,1,,,,,,,,,1,1,
1317710,,1,,,,,1,,,,1,,
1319301,1,,,,,,,1,1,,,,
1319403,1,,,1,,,,,1,,,,
1322600,1,,,,,,,1,1,,,,
1323319,1,,,1,,,,1,,,,,
1323602,,1,,1,,,,,,,1,,
1324170,1,,,1,,,,1,,,,,
1345189,,,,1,,,,1,1,,,,
1360133,1,,,,,,,1,1,,,,
1361567,,,,1,,,,1,1,,,,
1362343,1,,,,,,,1,1,,,,
1370917,1,,,1,,,,1,,,,,
1373011,1,,,1,,,,1,,,,,
1376017,1,,,1,,,,1,,,,,
1377811,1,,,,,,,1,,1,,,
1379045,1,,,1,,,,1,,,,,
1380031,1,,,,,,1,1,,,,,
1380075,1,,,,,,,1,1,,,,
1381103,,,,1,,,,1,1,,,,
1382045,,1,,,,,1,,,,1,,
1382212,1,,,1,,,,1,,,,,
1382222,,1,,,,,,,1,,1,,
1383374,1,,,1,,,,1,,,,,
1383405,1,,,,,,,1,1,,,,
1384933,,,,,,,1,,1,,1,,
1385596,1,,,1,,,,1,,,,,
1386686,1,,,1,,,,1,,,,,
1387012,1,,,1,,,,1,,,,,
1389046,1,,,1,,,,1,,,,,
1392761,1,,,,1,,,,1,,,,
1394956,1,,,,,,,1,1,,,,
1408119,1,,,,,,,1,,,,,
1415420,,,,1,,,1,,,,1,,
1416333,1,,,,,,,1,,1,,,
1417313,1,,,1,,,,1,,,,,
1421499,1,,,1,,,,1,,,,,
1422729,1,,,1,,,,1,,,,,
1434108,1,,,1,,,,1,,,,,
1437118,,,,,,1,1,,,,1,,
1448532,,,,1,,,,1,1,,,,
1450641,,1,,,,,,,1,,1,,
1468452,1,,,,,,,1,1,,,,
1470847,,1,,,,,,,,,1,1,
1471091,1,,,1,,,,1,,,,,
1473611,1,,,1,,,,1,,,,,
1478434,1,,,1,,,,1,,,,,
1483199,1,,,1,,,,1,,,,,
1487856,,,,,,,,1,,,1,1,
1488696,,,1,,,,1,1,,,,,
1488932,,1,,,,,,1,,,1,,
1489864,,1,,,,,,1,,,1,,
1496698,,1,,,,,1,,,,1,,
1497062,,1,,1,,,,1,,,,,
1497327,1,,,1,,,,1,,,,,
1497609,1,,,1,,,,1,,,,,
1500042,1,,,,,,,1,,1,,,
1501023,1,,,,,,,1,1,,,,
1501598,1,,,1,,,,1,,,,,
1501782,,,,1,,,,1,1,,,,
1506316,1,,,1,,,,1,,,,,
1507708,,,1,,,,1,1,,,,,
1508325,1,,,,,,,1,,1,,,
1508901,1,,,1,,,,1,,,,,
1509186,1,,,,1,,,1,,,,,
1509726,1,,,,,,,1,1,,,,
1510255,1,,,,,,,1,1,,,,
1515796,1,,,1,,,,1,,,,,
1518113,1,,,1,,,,1,,,,,
1524704,1,,,1,,,,1,,,,,
1526704,,1,,,,,,,,,1,1,
1529357,,,,1,,,,1,1,,,,
1529469,,,,1,,,,,1,1,,,
1530504,1,,,1,,,,1,,,,,
1531840,,,,1,,,,1,,1,,,
1534770,1,,,,,,,1,,1,,,
1542359,1,,,,,,,1,1,,,,
1542559,1,,,,,,,1,,1,,,
1543487,,,,1,,,,1,1,,,,
1543909,,,,1,,,,1,,,1,,
1545785,1,,,1,,,,1,,,,,
1546849,1,,,,,,,1,,1,,,
1548080,1,,,1,,,,1,,,,,
1555830,,1,,1,,,,,,,1,,
1558589,,,,1,,,,1,1,,,,
1563022,,,,1,,,,1,1,,,,
1563728,1,,,1,,,,1,,,,,
1566290,1,,1,,,,,1,,,,,
1573255,1,,,1,,,,1,,,,,
1576262,1,,,1,,,,1,,,,,
1577086,1,,,,,,,1,,1,,,
1580820,1,,,1,,,,1,,,,,
1591615,1,,,1,,,,1,,,,,
1594281,,1,,,,,,1,,,1,,
1598877,,1,,,,,1,,1,,,,
1598998,,,1,,,,1,1,,,,,
1604779,1,,,1,,,,,,1,,,
1605285,1,,,1,,,,1,,,,,
1608025,,,,1,,,,1,,,1,,
1608361,1,,,,,,,1,,1,,,
1610104,1,,,1,,,,1,,,,,
1616353,1,,,1,,,,1,,,,,
1621637,,1,,1,,,,,,,1,,
1625562,,,,,,,,1,,1,1,,
1629874,1,,,,,,,1,1,,,,
1630203,1,,,1,,,,1,,,,,
1631901,1,,,1,,,,1,,,,,
1633082,,1,,1,,,,,,,1,,
1637564,1,,,1,,,,1,,,,,
1637573,1,,,,,,,1,1,,,,
1638525,1,,,,,,,1,,1,,,
1639263,1,,,1,,,,1,,,,,
1639876,,1,,,,,,,,,1,1,
1641769,,1,,,,,,,,,1,1,
1645444,1,,,1,,,,1,,,,,
1647617,1,,,1,,,,1,,,,,
1652478,1,,,,,,,1,1,,,,
1655970,1,,,1,,,,1,,,,,
1657076,,,,1,,,,1,,,1,,
1658535,,,,1,,,,1,,,,1,
1661385,,,1,,,,1,1,,,,,
1663386,1,,,1,,,,1,,,,,
1664699,1,,,1,,,,1,,,,,
1668659,1,,,1,,,,1,,,,,
1670059,1,,,1,,,,1,,,,,
1674523,1,,,1,,,,1,,,,,
1674591,1,,,,,,,1,1,,,,
1676897,1,,,,,,,1,1,,,,
1678254,1,,,1,,,,1,,,,,
1678759,,,,1,,,,1,1,,,,
1680069,,1,,1,,,,,,,1,,
1683967,1,,,1,,,,1,,,,,
1684223,1,,,1,,,,1,,,,,
1684857,,,,,,,1,1,,,1,,
1686164,,,,,,1,,,1,,1,,
1696989,1,,,1,,,,1,,,,,
1698222,1,,,1,,,,1,,,,,
1700690,1,,,1,,,,1,,,,,
1706136,,1,,1,,,,,,,1,,
1707338,1,,,1,,,,1,,,,,
1712454,1,,,1,,,,1,,,,,
1713612,1,,,1,,,,1,,,,,
1719036,1,,,,,,,1,,1,,,
1720890,1,,,,,,,1,,1,,,
1721323,1,,,,,,,1,1,,,,
1721379,,1,,1,,,,,,,1,,
1721789,1,,,,,,,1,,1,,,
1723060,1,,,,,,,1,1,,,,
1724156,1,,,1,,,,1,,,,,
1724358,1,,,,,,,1,,1,,,
1736416,1,,,1,,,,1,,,,,
1736466,1,,,,,,,1,1,,,,
1737234,,,1,1,,,,1,,,,,
1738304,,,,1,,,,1,1,,,,
1744245,1,,,1,,,,1,,,,,
1745485,1,,,,,,,1,1,,,,
1748609,,,,1,,,,1,,1,,,
1751269,1,,,1,,,,1,,,,,
1753055,,,,1,,,,1,,,,,
1759418,,,,1,,,,1,1,,,,
1768114,1,,,1,,,,1,,,,,
1770778,1,,,1,,,,1,,,,,
1771193,,1,,,,,,1,,,1,,
1774164,1,,,,,,,1,1,,,,
1777257,,,,1,,,,1,1,,,,
1783612,1,,,,,,,1,1,,,,
1783619,1,,,,,,,1,1,,,,
1789271,,1,,1,,,,,,,1,,
1793310,,,,1,,,,1,1,,,,
1794507,1,,,1,,,,1,,,,,
1798244,,1,,,,,1,1,,,,,
1799282,,,,1,,,,1,,1,,,
1801505,,,,1,,,,1,1,,,,
1803078,1,,,1,,,,1,,,,,
1807024,1,,,1,,,,1,,,,,
1817891,,,,1,,,,1,1,,,,
1821904,,1,,,,,,1,,,1,,
1835751,1,,,,,,1,1,,,,,
1837094,,1,,,,1,,1,,,,,
1838753,,1,,1,,,,,,,1,,
1849316,1,,,1,,,,1,,,,,
1857637,,1,,,,,1,,,,1,,
1860943,1,,,,,,,1,,1,,,
1861100,,,,1,,,,1,,1,,,
1862774,1,,,1,,,,1,,,,,
1864632,,,,1,,,,1,1,,,,
1866089,1,,,1,,,,,1,,,,
1867807,1,,,1,,,,1,,,,,
1870315,,,,1,,,,1,,,1,,
1871502,,,,1,,,,1,1,,,,
1873252,,,,1,,,,1,,,1,,
1874097,1,,,1,,,,1,,,,,
1876005,1,,,,,,,1,1,,,,
1876294,1,,,1,,,,1,,,,,
1879527,1,,,1,,,,1,,,,,
1883905,1,,,1,,,,1,,,,,
1884610,,1,,,,,1,,,,1,,
1884612,1,,,,,,,1,1,,,,
1887223,1,,,1,,,,1,,,,,
1894631,,,,1,,,,,1,1,,,
1895060,,1,,1,,,,,,,1,,
1909654,1,,,1,,,,1,,,,,
1911534,1,,,1,,,,1,,,,,
1913373,,,,1,,,,1,1,,,,
1913596,,1,,1,,,,,,,1,,
1921801,1,,,1,,,,1,,,,,
1926899,1,,,1,,,,1,,,,,
1926947,1,,,,,,,1,1,,,,
1929639,1,,,1,,,,1,,,,,
1929640,1,,,,,,,1,1,,,,
1936204,1,,,1,,,,1,,,,,
1941035,1,,,,,,,1,1,,,,
1949419,1,,,,,,,,1,1,,,
1962638,1,,,,,,,1,1,,,,
1968079,,,,,,,,1,,,,,
1972035,1,,,1,,,,,1,,,,
1982106,1,,,,,,,1,1,,,,
1983760,1,,,1,,,,1,,,,,
1984446,1,,,1,,,,1,,,,,
1984740,1,,,,,,,1,1,,,,
1986695,1,,,1,,,,1,,,,,
1987076,1,,,1,,,,1,,,,,
1987655,,1,,,,,1,,,,1,,
1987886,,1,,,,,,,1,,1,,
1988872,1,,,1,,,,1,,,,,
1993610,1,,,1,,,,1,,,,,
1994112,1,,,1,,,,1,,,,,
1996235,1,,,,,,,1,1,,,,
1998703,1,,,1,,,,1,,,,,
2013141,1,,,,,,,1,1,,,,
2017619,1,,,1,,,,1,,,,,
2018443,1,,,,,,,1,,1,,,
2022253,1,,,,,,,1,1,,,,
2026396,1,,,,,,,1,1,,,,
2029311,,,1,,,,1,1,,,,,
2034907,1,,,1,,,,1,,,,,
2035173,,,,1,,,,1,1,,,,
2038623,1,,,1,,,,1,,,,,
2039337,,,1,,,,1,1,,,,,
2042515,1,,,,,,,1,1,,,,
2042880,1,,,1,,,,1,,,,,
2045239,1,,,1,,,,1,,,,,
2047676,1,,,1,,,,1,,,,,
2050619,,,,1,,,,1,1,,,,
2057239,,1,,,,,1,,,,1,,
2058566,,1,,,,1,,,,,1,,
2060983,,,1,,,,1,1,,,,,
2063645,1,,,,,,,1,,1,,,
2080162,1,,,1,,,,1,,,,,
2094151,1,,,,,,,1,1,,,,
2102081,1,,,1,,,,1,,,,,
2104478,1,,,1,,,,1,,,,,
2114480,,,,1,,,1,,1,,,,
2123124,,,,,,,,1,,,,,
2139376,1,,1,,,,,1,,,,,
2141966,1,,,,,,,1,1,,,,
2145084,1,,,1,,,,1,,,,,
2149250,1,,,1,,,,1,,,,,
2154686,,,,,,,,1,,,,,
2156915,1,,,1,,,,1,,,,,
2162093,1,,,1,,,,1,,,,,
2172731,,1,,1,,,,,,,1,,
2177408,1,,,1,,,,1,,,,,
2178564,1,,,1,,,,1,,,,,
2178596,1,,,1,,,,1,,,,,
2198765,1,,,,,,,1,1,,,,
2199392,1,,,,,,,1,1,,,,
2203544,1,,,,,,,1,,1,,,
2214910,,1,,,,,,1,1,,,,
2246136,1,,,,,,,1,,1,,,
2248505,1,,,,,,,1,,1,,,
2251469,1,,,,,,,1,,1,,,
2258813,,,1,,,,1,1,,,,,
2269930,,,,1,,,,1,1,,,,
2272631,1,,,,,,,1,1,,,,
2277346,1,,,1,,,,1,,,,,
2280924,1,,,,,,,1,1,,,,
2288157,,1,,,,,,1,1,,,,
2301297,1,,,,,,,1,,1,,,
2307097,1,,,,,,,1,1,,,,
2307696,1,,,,,,,1,1,,,,
2310781,1,,,1,,,,1,,,,,
2317863,1,,,1,,,,1,,,,,
2318969,1,,,,,,,1,1,,,,
2320500,1,,,,,,,1,1,,,,
2325662,,,1,,,,,1,1,,,,
2338963,,,1,,,,1,1,,,,,
2342297,1,,,1,,,,1,,,,,
2389513,1,,,,,,,1,1,,,,
2402719,1,,,,,,,1,1,,,,
2407103,,1,,,,,1,,,,1,,
2422330,1,,,1,,,,1,,,,,
2424940,1,,,1,,,,1,,,,,
2430168,1,,,1,,,,1,,,,,
2431783,1,,,1,,,,1,,,,,
2441493,1,,,,,,,1,1,,,,
2446729,1,,,1,,,,1,,,,,
2459848,1,,,,,,,1,1,,,,
2463221,1,,,,,,,1,1,,,,
2479799,1,,,1,,,,1,,,,,
2488368,,1,,1,,,,,,,1,,
2495612,1,,,1,,,,1,,,,,
2503764,1,,,,,,,1,1,,,,
2545450,1,,,1,,,,1,,,,,
2546192,1,,,,,,,1,1,,,,
2571920,1,,1,,,,,1,,,,,
2592179,1,,,1,,,,1,,,,,
2630148,1,,,1,,,,1,,,,,
2636560,1,,,,,,,1,,1,,,
2655208,,,,1,,,,,1,,1,,
2685613,1,,,,,,,1,1,,,,
2694869,1,,,1,,,,1,,,,,
2700219,1,,,,,,,1,,1,,,
2706517,,1,,,,,,,1,,1,,
2708749,1,,,1,,,,1,,,,,
2712173,,,,1,,,,1,1,,,,
2716528,1,,,1,,,,1,,,,,
2718127,,,,1,,,,1,1,,,,
2726584,1,,,1,,,,1,,,,,
2727638,,1,,,,,,,,,,1,1
2744699,,1,,,,,1,,,,1,,
2749108,,1,,,,1,1,,,,,,
2766914,1,,,1,,,,1,,,,,
2774263,1,,,1,,,,1,,,,,
2775976,1,,,1,,,,1,,,,,
2786770,1,,1,,,,,,,,1,,
2795428,1,,,,,,,1,,1,,,
2816521,1,,,,,,,1,1,,,,
2816601,,,,1,,,,1,,,1,,
2816622,1,,,,,,,1,,1,,,
2828728,,,,1,,,,1,,,1,,
2835177,1,,,,,,,1,1,,,,
2895286,1,,,1,,,,1,,,,,
2918277,1,,,1,,,,1,,,,,
2926759,1,,,1,,,,1,,,,,
2929415,1,,,,,,,1,,1,,,
2973784,1,,,,,,,1,1,,,,
3026602,1,,,,,,,1,,1,,,
3030441,1,,,,,,,1,1,,,,
3093996,1,,,1,,,,1,,,,,
3094171,1,,,1,,,,1,,,,,
3109981,,1,,,,,1,,,,1,,
3116929,,1,,1,,,,,,,1,,
3120288,1,,,,,,,1,1,,,,
3125433,1,,,,,,,1,,1,,,
3185120,,,,1,,,,1,1,,,,
3316164,1,,,,,,,1,1,,,,
3388091,,,,1,,,,1,,,1,,
3413871,1,,,1,,,,1,,,,,
3465952,1,,,1,,,,1,,,,,
3508352,1,,1,,,,,1,,,,,
3521385,1,,,1,,,,1,,,,,
3524729,1,,,1,,,,1,,,,,
3575062,,,,,,,,1,,,1,1,
3652602,1,,,1,,,,1,,,,,
3679352,,1,,,,,,,1,,1,,
3705139,,1,,1,,,,,,,1,,
3726697,1,,,1,,,,1,,,,,
3740911,1,,,1,,,,1,,,,,
3753222,,1,,,,,,,,,1,1,
3772025,1,,,1,,,,1,,,,,
3783366,1,,,,,,,1,,1,,,
3841980,1,,,,,,,1,1,,,,
3851587,,,,1,,,,1,1,,,,
3853221,,1,,,,,,1,,,1,,
3869632,,,,,,,,1,,,1,1,
3875071,1,,,,,,,1,1,,,,
3882572,,,,1,,,,1,,1,,,
3882585,,,1,,,,1,1,,,,,
3882596,,,1,1,,,,1,,,,,
3932670,1,,,,,,,1,1,,,,
3933104,1,,,1,,,,1,,,,,
3935829,1,,,,,,,1,1,,,,
3971055,1,,,,,,,1,,1,,,
3982829,1,,,,,,,1,,1,,,
3985150,1,,,,,,,1,,1,,,
4004983,1,,,,,,,1,1,,,,
4011850,1,,,,,,,1,1,,,,
4018342,1,,,,,,,1,,1,,,
4024770,,1,1,,,,,1,,,,,
4035254,1,,,,,,,1,,1,,,
4057446,1,,,,,,,1,1,,,,
4164572,1,,1,,,,,1,,,,,
4218931,1,,,,,,,1,1,,,,
4222635,,1,,,,,1,,,,1,,
4228940,1,,,1,,,,1,,,,,
4254927,,1,,,,,,,1,,1,,
4255279,1,,,,,,,1,,1,,,
4261210,1,,,,,,,1,1,,,,
4273459,1,,,1,,,,1,,,,,
4277988,,1,,,,1,,,,,1,,
4280269,,,1,,,,,1,1,,,,
4301214,1,,,1,,,,1,,,,,
4314633,1,,,1,,,,1,,,,,
4320448,1,,,1,,,,1,,,,,
4322587,1,,,1,,,,1,,,,,
4343755,1,,,,,,,1,,1,,,
4369993,1,,,1,,,,1,,,,,
4379183,1,,,,,,1,1,,,,,
4384634,1,,,,,,,1,,1,,,
4386455,,,,1,,,,,,,1,1,
4399827,1,,,1,,,,1,,,,,
4422119,1,,,,,,,1,1,,,,
4430212,,,,,,,1,1,1,,,,
4441484,,,,,,,,,1,,1,1,
4442301,1,,,,,,,1,,1,,,
4447868,1,,,1,,,,1,,,,,
4518569,1,,,1,,,,1,,,,,
4537649,,1,,,,,,,,,1,1,
4542136,,1,,1,,,,,,,1,,
4585882,1,,,,,,,1,1,,,,
4656426,1,,,,,,,1,,1,,,
4656452,,,1,,,,1,1,,,,,
4669239,1,,,1,,,,1,,,,,
4673456,1,,,1,,,,1,,,,,
4682277,,,,1,,,,1,,,1,,
4693202,1,,,,,,,1,,1,,,
4736677,1,,,1,,,,1,,,,,
4761445,1,,,,,,,1,,1,,,
4820908,1,,,1,,,,,,1,,,
4833990,1,,,,,,,1,1,,,,
4835815,1,,,1,,,,1,,,,,
4837001,1,,,,,,,1,,1,,,
4852516,1,,,1,,,,1,,,,,
4858897,1,,,,,,,1,1,,,,
4878245,1,,,,,,,1,,1,,,
4878255,,1,,,,,,1,1,,,,
4894460,1,,,,,,,1,1,,,,
4896272,1,,,,,,,1,1,,,,
4914855,1,,,1,,,,1,,,,,
4925607,1,,,1,,,,1,,,,,
4948189,1,,,,,,,1,,1,,,
4948910,,,,1,,,,,1,1,,,
5007190,1,,,1,,,,1,,,,,
5017165,,1,,,,,,,1,,1,,
5020284,1,,,1,,,,1,,,,,
5043165,1,,,1,,,,1,,,,,
5043352,,,,,,,,1,1,1,,,
5052806,1,,,1,,,,1,,,,,
5054371,1,,,,,,,1,1,,,,
5056427,1,,,1,,,,1,,,,,
5072578,1,,,,,,,1,1,,,,
5077201,,,,1,,,,1,,,,1,
5095201,1,,,,,,,1,,1,,,
5095250,1,,,,,,,1,1,,,,
5107190,1,,,1,,,,1,,,,,
5125281,,,,1,,,,1,1,,,,
5140412,,1,,,,,,,,,1,1,
5145976,,1,,,,,,,1,,1,,
5249017,1,,,1,,,,,,1,,,
5257272,,,,1,,,,1,,,1,,
5264080,,1,,1,,,,,,,1,,
5328333,,,,,,,1,1,,,1,,
5360908,1,,,,,,,1,1,,,,
5362375,1,,,1,,,,1,,,,,
5367341,1,,,,,,,1,1,,,,
5386829,,1,,,,,,,,,1,1,
5386972,,,1,,,,1,1,,,,,
5398794,,1,,,,,,,1,,1,,
5402364,1,,,,,,,1,1,,,,
5419918,1,,,,,,,,1,1,,,
5422166,1,,,,,,,1,1,,,,
5424625,1,,,,,,,1,,1,,,
5440449,1,,,,,,,1,,1,,,
5441681,1,,,1,,,,1,,,,,
5441683,1,,,1,,,,1,,,,,
5445749,,1,,,,,1,,,,1,,
5453826,,,,,,,,1,1,,1,,
5460938,,,,1,,,,1,1,,,,
5498086,1,,,1,,,,1,,,,,
5520475,1,,,1,,,,1,,,,,
5552281,,1,,,,,1,,,,1,,
5564759,1,,,1,,,,1,,,,,
5565194,1,,,1,,,,1,,,,,
5568937,,,,1,,,,,,,1,1,
5571323,1,,,1,,,,1,,,,,
5577061,1,,,,,,,1,,1,,,
5593168,,1,,1,,1,,,,,,,
5599133,1,,,1,,,,1,,,,,
5599227,,,,1,,,,1,1,,,,
5602882,1,,,,,,,1,1,,,,
5693443,,,,1,,,,1,1,,,,
5729145,1,1,,,,,,,,1,,,
5745097,,1,,,,,,1,,,1,,
5746163,1,,,,,,,1,1,,,,
5748087,1,,,,,,,1,1,,,,
5766980,,1,,,,,,,,,1,1,
5772302,,1,,,,1,,,,,,1,
5787212,1,,,1,,,,1,,,,,
5837226,,,,1,,,,1,,,1,,
5842854,1,,,1,,,,1,,,,,
5859267,,,,1,,,,,1,1,,,
5861217,1,,,1,,,,1,,,,,
5864576,,1,,,,,,,,,1,1,
5869495,,,,,,,,1,,,1,1,
5898157,,,,1,,,,1,1,,,,
5910636,1,,,,,,,1,,1,,,
5916192,,,,1,,,,1,,1,,,
5924630,1,,,,1,,,1,,,,,
5953265,,1,,1,,,,,,,1,,
5962679,1,,,1,,,,,1,,,,
5964894,,,,,,,,,,,,,
5972587,1,,,1,,,,1,,,,,
5987772,1,,,,,,,1,,1,,,
5988966,1,,,1,,,,1,,,,,
5992677,1,,,,,,,1,,1,,,
6003565,,,1,,,,1,,1,,,,
6004174,1,,,1,,,,1,,,,,
6125391,1,,,1,,,,1,,,,,
6139455,1,,,1,,,,1,,,,,
6142915,,,,1,,,,1,,,1,,
6168721,1,,,,,,,1,1,,,,
6168856,,,,,,,,,,,,,
6170444,,1,,1,,,,,,,1,,
6225479,1,,,1,,,,1,,,,,
6238599,1,,,1,,,,,1,,,,
6247814,1,,,,,,,1,1,,,,
6354068,1,,,,,,,1,1,,,,
6370866,1,,,1,,,,1,,,,,
6383254,,,,1,,,,1,1,,,,
6383333,1,,,1,,,,1,,,,,
6404545,1,,,,,,,1,1,,,,
6416066,1,,,1,,,,1,,,,,
6418020,,,,1,,,,1,,1,,,
6424614,,,1,,,,1,1,,,,,
6437146,,,,1,,,,1,,1,,,
6478805,,,,1,,,,,1,,1,,
6588993,1,,,1,,,,1,,,,,
6590318,1,,,,,,,1,1,,,,
6602502,1,,,,,,,1,,1,,,
6620994,,1,,,,,1,1,,,,,
6641278,,,,,,,,1,1,1,,,
6663622,1,,,,,,,1,1,,,,
6693137,,1,,1,,,,,,,1,,
6696823,1,,1,,,,,1,,,,,
6700125,1,,,1,,,,1,,,,,
6719889,,1,,,,,1,,,,1,,
6721388,1,,,,,,,1,,1,,,
6725787,1,,,1,,,,,,1,,,
6755215,,,,,,,,,,,,,
6767359,1,,,,,,,1,1,,,,
6776761,1,,,1,,,,1,,,,,
6796797,1,,,,,,1,1,,,,,
6801930,1,,,,,,,1,1,,,,
6805724,,,,1,,,,1,1,,,,
6833094,1,,,,,,,1,,1,,,
6844296,,,,,,1,,1,,,1,,
6847952,,,,,,,,,,,,,
6870516,1,,1,,,,,1,,,,,
6872529,,,,,,,,,,,,,
6885700,,1,,,,,,1,,,1,,
6897394,,,,,1,,,,1,,1,,
6907233,1,,,1,,,,1,,,,,
6909826,1,,,,,,,1,1,,,,
6919813,1,,,,,,,1,,1,,,
6946923,1,,,,1,,,,1,,,,
6974346,1,,,,,,,1,,1,,,
7010769,1,,,1,,,,1,,,,,
7036273,1,,,,,,,1,1,,,,
7101284,,,,1,,1,,1,,,,,
7101305,1,,,,,,,1,1,,,,
7102277,1,,,1,,,,1,,,,,
7103767,1,,,1,,,,,,1,,,
7122486,,1,,,,,1,,,,1,,
7135998,1,,,1,,,,,,1,,,
7139327,,,,,,,1,1,,,,1,
7144487,1,,,1,,1,,,,,,,
7145030,1,,,,,,,1,1,,,,
7148016,1,,,,,,,1,1,,,,
7149584,1,,,,,,,1,1,,,,
7153124,,,,1,,,,1,1,,,,
7169656,1,,,,,,,1,1,,,,
7173006,1,,,1,,,,1,,,,,
7177665,1,,,,,,,1,,1,,,
7179741,1,,,1,,,,,1,,,,
7180223,,,,1,,,,1,,,1,,
7197504,,,,,,,,,,,,,
7231332,,,,,,,,,,,,,
7241558,,,,1,,,,,1,,,,
7249264,,,,1,,,,,,,1,1,
7268316,,1,,,,1,1,,,,,,
7294675,1,,,,,,,1,,1,,,
7303708,,,,,,,,1,,,1,1,
7315338,1,,,,,,,1,,1,,,
7325556,,1,,,,,,1,,,1,,
7328070,1,,,,,,,1,1,,,,
7369560,1,,,1,,,,1,,,,,
7384096,,,,1,,,,1,1,,,,
7384832,1,,,,,,,1,1,,,,
7389614,,1,,1,,,,1,,,,,
7399598,1,,,1,,,,1,,,,,
7496719,1,,,1,,,,1,,,,,
7503340,,,,,,,,1,,,,1,1
7507548,,,,,,,,,,,,,
7538705,1,,,1,,,,,,1,,,
7556602,1,,,,,,,1,,1,,,
7567374,1,,,,,,,1,1,,,,
7599543,1,,,,,,,1,1,,,,
7620781,1,,,1,,,,1,,,,,
7633874,1,,,1,,,,1,,,,,
7650016,1,,,,,,,1,1,,,,
7730139,,,,1,,,,1,,1,,,
7803874,,,,,,,,,,,,,
7921976,,1,,,,,,,1,,,1,
7948154,,,,,,,,,,,,,
7991358,,,,,1,,,1,1,,,,
8032801,,,,,,,,,,,,,
8036861,1,,1,,,,,1,,,,,
8055297,,,,,,,,,,,,,
8069628,1,,,,,,,1,1,,,,
8100038,1,,,1,,,,1,,,,,
8158107,,,,,,,,,,,,,
8183449,1,,,,,,,1,1,,,,
8302966,,1,,,,,1,,,,1,,
8386496,1,1,,,,,,1,,,,,
8404808,1,,,,,,,1,,1,,,
8429888,1,,,,,,,1,1,,,,
8430212,1,,,1,,,,1,,,,,
8444966,1,,,1,,,,,1,,,,
8512089,,,,1,,,,1,,,1,,
8593926,1,,,,,,,1,1,,,,
8636470,1,,,1,,,,1,,,,,
8675341,,1,,,,,,1,,,1,,
8961179,1,,1,1,,,,,,,,,
8961784,,,,1,,,,,,,,,
9037527,1,,,1,,,,1,,,,,
9124430,1,,,,,,,1,,1,,,
9124646,1,,,1,,,,1,,,,,
9216680,1,,,1,,,,1,,,,,
9269450,,,,,,,,,,,,,
9458566,1,,,1,,,,1,,,,,
9531019,1,,1,,,,,1,,,,,
9587389,1,,,,,,,1,,1,,,
9640136,,,,,,,,,,,,,